<?xml version="1.0" encoding="UTF-8"?>
<beans xmlns="http://www.springframework.org/schema/beans"
    xmlns:xsi="http://www.w3.org/2001/XMLSchema-instance" xmlns:context="http://www.springframework.org/schema/context"
    xsi:schemaLocation="http://www.springframework.org/schema/beans 
    http://www.springframework.org/schema/beans/spring-beans.xsd 
    http://www.springframework.org/schema/context 
    http://www.springframework.org/schema/context/spring-context.xsd">
    
    <context:component-scan base-package="com.app.example"/>
   
 
<bean id='p1' class="com.app.example.beans.Player">

	<property name="playerId" value="2"></property>
	<property name="playerName" value="Sachin"></property>
	<property name="country" ref="c1"></property>
	 </bean>
	 

<bean id='p2' class="com.app.example.beans.Player">

	<property name="playerId" value="3"></property>
	<property name="playerName" value="Kapil"></property>
	<property name="country" ref="c1"></property>
	 </bean>
	 
<bean id='p3' class="com.app.example.beans.Player">

	<property name="playerId" value="4"></property>
	<property name="playerName" value="Azhar"></property>
	<property name="country" ref="c1"></property>
	 </bean>
	 
<bean id='p4' class="com.app.example.beans.Player">

	<property name="playerId" value="5"></property>
	<property name="playerName" value="Saurav"></property>
	<property name="country" ref="c2"></property>
	 </bean>
	 	 
<bean id='p5' class="com.app.example.beans.Player">

	<property name="playerId" value="6"></property>
	<property name="playerName" value="Harbajan"></property>
	<property name="country" ref="c2"></property>
	 </bean>

<bean id='c1' class="com.app.example.beans.Country">

	<property name="countryId" value="13"></property>
	<property name="countryName" value="India"></property>
	 </bean>


<bean id='c2' class="com.app.example.beans.Country">

	<property name="countryId" value="12"></property>
	<property name="countryName" value="Aus"></property>
	 </bean>


<bean id="cpa" class="com.app.example.beans.CPA">
<property name="map">
<map>  
<entry key-ref="c1" >

<list>
<ref bean="p1"/>
<ref bean="p2"/>
<ref bean="p3"/>
</list>
</entry>  



<entry key-ref="c2" >
<list>
<ref bean="p4"/>
<ref bean="p5"/>

</list></entry>  
</map> 
</property>
</bean>



</beans>